{"name":"Card Match","short_name":"Card Match","description":"Latihan2","start_url":"index.html","display":"fullscreen","orientation":"landscape","background_color":"#ffffff","icons":[{"src":"icons/icon-16.png","sizes":"16x16","type":"image/png"},{"src":"icons/icon-32.png","sizes":"32x32","type":"image/png"},{"src":"icons/icon-64.png","sizes":"64x64","type":"image/png"},{"src":"icons/icon-128.png","sizes":"128x128","type":"image/png"},{"src":"icons/icon-256.png","sizes":"256x256","type":"image/png"},{"src":"icons/icon-512.png","sizes":"512x512","type":"image/png"}]}